timestamp,market,score,mode,gates_passed,gate_failed,spike_ratio,spike_type,pct_change_today,mcap_usd,price_at_scan,vol_today,sizing_usd,stop_pct,target_pct,alerta,scan_id
2026-05-12 18:53:35,PEAQUSDT,0,NONE,G1|G2,G4,2,638,BULLISH,26,47,0,0,02241,656728,40639899,0,,,bloqueado G4,20260512_1853
2026-05-12 18:53:36,PRCLUSDT,0,NONE,G1|G2,G4,5,3454,BULLISH,5,62,0,0,014499,1212069,42578315,0,,,bloqueado G4,20260512_1853
2026-05-12 18:53:36,WARTUSDT,0,NONE,G1|G2,G4,2,093,BULLISH,7,77,0,0,080421,95989,67147113,0,,,bloqueado G4,20260512_1853
2026-05-12 18:53:36,PERPUSDT,0,NONE,G1|G2,G4,2,1163,NEUTRAL,1,06,0,0,026024,220949,9829782,0,,,bloqueado G4,20260512_1853
2026-05-12 18:53:37,PROMPTUSDT,0,NONE,G1|G2,G4,2,0101,NEUTRAL,4,44,0,0,037724,216803,10031831,0,,,bloqueado G4,20260512_1853
2026-05-12 18:53:37,ATRUSDT,0,NONE,G1|G2,G4,3,1939,BULLISH,84,2,0,0,001317,22472110,9807085,0,,,bloqueado G4,20260512_1853
2026-05-12 18:53:37,SDUSDT,0,NONE,G1|G2,G4,6,5076,BULLISH,71,14,0,0,2604,135647,4956336,0,,,bloqueado G4,20260512_1853
2026-05-12 18:53:37,POLSUSDT,0,NONE,G1|G2,G4,2,1275,BULLISH,51,28,0,0,079132,79108,7972232,0,,,bloqueado G4,20260512_1853
2026-05-12 18:53:38,STABLEUSDT,0,NONE,G1|G2,G4,3,2792,BULLISH,11,52,0,0,038235,398124,76405993,0,,,bloqueado G4,20260512_1853
2026-05-12 18:53:38,TACUSDT,0,NONE,G1|G2,G4,2,5399,NEUTRAL,-9,16,0,0,018032,421153,80260662,0,,,bloqueado G4,20260512_1853
2026-05-12 18:53:38,USELESSUSDT,0,NONE,G1|G2,G4,3,4411,BULLISH,13,43,0,0,0777,451664,8647011,0,,,bloqueado G4,20260512_1853
2026-05-12 18:53:39,IRYSUSDT,0,NONE,G1|G2,G4,3,0823,BULLISH,13,0,0,051029,482802,46137724,0,,,bloqueado G4,20260512_1853
2026-05-12 18:53:39,FIROUSDT,75,DISCOVERY,G1|G2|G3|G4|G5,,2,3186,BULLISH,19,98,0,1,4045,17066,40602393,0,6,0,5,2,DISCOVERY score=75 gates=G1;G2;G3;G4;G5,20260512_1853
2026-05-12 18:53:39,SAPIENUSDT,75,DISCOVERY,G1|G2|G3|G4|G6,,2,8014,BULLISH,5,88,0,0,122942,85516,28651152,0,6,0,5,2,DISCOVERY score=75 gates=G1;G2;G3;G4;G6,20260512_1853
2026-05-12 18:53:39,GRIFFAINUSDT,0,NONE,G1,G1B,3,3265,BEARISH,-23,56,11727471,0,011819,973203,61067824,0,,,BLOQUEADO -- G1B: spike de distribuicao (chg=-23.56% com spike 3.3265x),20260512_1853
2026-05-25 18:37:58,ERAUSDT,0,NONE,G1|G2,G4,2.499,BULLISH,21.81,0,0.154756,57753.11576413,0,,,bloqueado G4,20260525_1837
2026-05-25 18:37:59,DOGSUSDT,0,NONE,G1|G2,G4,3.7088,BULLISH,6.74,0,5.416E-05,1069088113.3404713,0,,,bloqueado G4,20260525_1837
2026-05-25 18:37:59,NATUSDT,0,NONE,G1|G2,G4,2.6415,BULLISH,8.74,0,1.01977E-07,85455771089.92,0,,,bloqueado G4,20260525_1837
2026-05-25 18:37:59,ELAUSDT,0,NONE,G1|G2,G4,2.1209,NEUTRAL,2.01,0,0.472,18566.59891214,0,,,bloqueado G4,20260525_1837
2026-05-25 18:38:00,PONDUSDT,0,NONE,G1|G2,G4,4.4887,BULLISH,77.24,0,0.00249218,7913897.98185142,0,,,bloqueado G4,20260525_1837
2026-05-25 18:38:00,CPOOLUSDT,0,NONE,G1|G2,G4,2.0534,BULLISH,8.18,0,0.033575,268559.5802814,0,,,bloqueado G4,20260525_1837
2026-05-25 18:38:00,DRIFTUSDT,0,NONE,G1|G2,G4,2.6904,BULLISH,28.08,0,0.034794,306130.67839301,0,,,bloqueado G4,20260525_1837
2026-05-25 18:38:01,NOTUSDT,0,NONE,G1|G2,G4,4.898,BULLISH,10.2,0,0.00049445,1078665957.2119145,0,,,bloqueado G4,20260525_1837
2026-05-25 18:38:01,SAGAUSDT,0,NONE,G1|G2,G4,2.1243,BULLISH,21.64,0,0.023553,2029328.88955222,0,,,bloqueado G4,20260525_1837
2026-05-25 18:38:01,ARRRUSDT,0,NONE,G1|G2,G4,2.055,BULLISH,15.73,0,0.43194,110411.33052906,0,,,bloqueado G4,20260525_1837
2026-05-25 18:38:02,DEXTUSDT,78,DISCOVERY,G1|G2|G3|G4|G6,,6.7629,BULLISH,22.55,0,0.143042,121588.05137136,7.9,0.5,2,"""DISCOVERY score=78 gates=G1,G2,G3,G4,G6""",20260525_1837
2026-05-25 18:38:02,RENDERUSDT,85,DISCOVERY,G1|G2|G3|G4|G6,,3.2835,BULLISH,8.26,0,2.187,361208.00604618,7.9,0.5,2,"""DISCOVERY score=85 gates=G1,G2,G3,G4,G6""",20260525_1837
2026-05-25 18:38:02,PLAYUSDT,63,DISCOVERY,G1|G2|G3|G4|G6|G8-LATE,SCORE,2.436,BULLISH,58.71,0,0.100128,582018.09407065,7.9,0.5,2,score 63 abaixo do threshold 70,20260525_1837
2026-05-25 18:38:03,TONUSDT,85,DISCOVERY,G1|G2|G3|G4|G6,,2.4571,BULLISH,11.86,0,1.9766,2320236.64032859,7.9,0.5,2,"""DISCOVERY score=85 gates=G1,G2,G3,G4,G6""",20260525_1837
2026-06-02 03:00:34,CATIUSDT,0,NONE,G1,G1B,2.8779,BEARISH,-17.92,0,0.048856,138556.77184778,0,,,BLOQUEADO -- G1B: spike de distribuicao (chg=-17.92% com spike 2.8779x),20260602_0300
2026-06-02 04:01:00,CATIUSDT,0,NONE,G1,G1B,2.9311,BEARISH,-19.49,0,0.047924,141116.65389314,0,,,BLOQUEADO -- G1B: spike de distribuicao (chg=-19.49% com spike 2.9311x),20260602_0401
2026-06-02 05:01:24,USUSDT,0,NONE,G1|G2,G4,2.0653,BULLISH,40.25,0,0.011683,1497935.93677929,0,,,bloqueado G4,20260602_0501
2026-06-02 05:01:24,CATIUSDT,0,NONE,G1,G1B,3.0381,BEARISH,-19.44,0,0.047929,146268.70195654,0,,,BLOQUEADO -- G1B: spike de distribuicao (chg=-19.44% com spike 3.0381x),20260602_0501
2026-06-02 06:01:51,USUSDT,0,NONE,G1|G2,G4,2.2474,BULLISH,36.08,0,0.011183,1630065.1857656,0,,,bloqueado G4,20260602_0601
2026-06-02 06:01:51,SKYAIUSDT,0,NONE,G1,G3,2.0187,BULLISH,35.54,277882475,0.2622,363239.71792109,0,,,BLOQUEADO -- G3: mcap acima do limite,20260602_0601
2026-06-02 06:01:51,CATIUSDT,0,NONE,G1,G1B,3.081,BEARISH,-17.62,0,0.049039,148332.12653689,0,,,BLOQUEADO -- G1B: spike de distribuicao (chg=-17.62% com spike 3.081x),20260602_0601
2026-06-02 07:02:16,USUSDT,0,NONE,G1|G2,G4,2.5017,BULLISH,44.1,0,0.011842,1814476.34337646,0,,,bloqueado G4,20260602_0702
2026-06-02 07:02:17,ARDRUSDT,0,NONE,G1|G2,G4,2.0466,BULLISH,10.61,0,0.041589,199745.04752306,0,,,bloqueado G4,20260602_0702
2026-06-02 07:02:17,SKYAIUSDT,0,NONE,G1,G3,2.6357,NEUTRAL,-4.41,194742160,0.1907,474274.34634588,0,,,BLOQUEADO -- G3: mcap acima do limite,20260602_0702
2026-06-02 07:02:17,CATIUSDT,0,NONE,G1,G1B,3.2773,BEARISH,-17.53,0,0.049028,157785.20725011,0,,,BLOQUEADO -- G1B: spike de distribuicao (chg=-17.53% com spike 3.2773x),20260602_0702
2026-06-02 08:02:44,USUSDT,0,NONE,G1|G2,G4,2.6612,BULLISH,38.32,0,0.011367,1930173.34383188,0,,,bloqueado G4,20260602_0802
2026-06-02 08:02:45,ARDRUSDT,0,NONE,G1|G2,G4,2.0996,BULLISH,10.82,0,0.040907,204921.61916302,0,,,bloqueado G4,20260602_0802
2026-06-02 08:02:45,SKYAIUSDT,0,NONE,G1,G1B,2.8096,BEARISH,-10.18,177492744,0.1792,505557.31833214,0,,,BLOQUEADO -- G1B: spike de distribuicao (chg=-10.18% com spike 2.8096x),20260602_0802
2026-06-02 08:02:45,CATIUSDT,0,NONE,G1,G1B,3.4409,BEARISH,-17.47,0,0.049124,165658.45443004,0,,,BLOQUEADO -- G1B: spike de distribuicao (chg=-17.47% com spike 3.4409x),20260602_0802
2026-06-02 09:03:12,USUSDT,0,NONE,G1|G2,G4,2.8094,BULLISH,38.67,0,0.011396,2037668.72880184,0,,,bloqueado G4,20260602_0903
2026-06-02 09:03:12,ARDRUSDT,0,NONE,G1|G2,G4,2.1513,BULLISH,9.54,0,0.04056,209969.9943657,0,,,bloqueado G4,20260602_0903
2026-06-02 09:03:13,SKYAIUSDT,0,NONE,G1,G1B,2.8863,BEARISH,-10.83,177362635,0.1779,519361.07250376,0,,,BLOQUEADO -- G1B: spike de distribuicao (chg=-10.83% com spike 2.8863x),20260602_0903
2026-06-02 09:03:13,CATIUSDT,0,NONE,G1,G1B,3.4886,BEARISH,-17.18,0,0.049249,167954.77114653,0,,,BLOQUEADO -- G1B: spike de distribuicao (chg=-17.18% com spike 3.4886x),20260602_0903
2026-06-02 10:03:42,USUSDT,0,NONE,G1|G2,G4,2.9779,BULLISH,34.78,0,0.011524,2159848.70833158,0,,,bloqueado G4,20260602_1003
2026-06-02 10:03:42,ARDRUSDT,0,NONE,G1|G2,G4,2.2001,BULLISH,7.82,0,0.039799,214731.6031459,0,,,bloqueado G4,20260602_1003
2026-06-02 10:03:42,SKYAIUSDT,0,NONE,G1,G1B,3.3218,BEARISH,-21.9,156808738,0.1558,597727.03236304,0,,,BLOQUEADO -- G1B: spike de distribuicao (chg=-21.9% com spike 3.3218x),20260602_1003
2026-06-02 10:03:42,CATIUSDT,0,NONE,G1,G1B,3.9182,BEARISH,-16.47,0,0.049721,188637.92029947,0,,,BLOQUEADO -- G1B: spike de distribuicao (chg=-16.47% com spike 3.9182x),20260602_1003
2026-06-02 11:04:09,PHBUSDT,0,NONE,G1|G2,G4,2.3143,BEARISH,-27.45,0,0.012176,561626.91814378,0,,,bloqueado G4,20260602_1104
2026-06-02 11:04:09,USUSDT,0,NONE,G1|G2,G4,3.1006,BULLISH,40.91,0,0.011637,2248860.04258641,0,,,bloqueado G4,20260602_1104
2026-06-02 11:04:09,ARDRUSDT,0,NONE,G1|G2,G4,2.2968,BULLISH,6.95,0,0.039478,224172.8244132,0,,,bloqueado G4,20260602_1104
2026-06-02 11:04:09,PIEVERSEUSDT,0,NONE,G1|G2,G4,2.0561,BULLISH,15.22,0,1.0591,19919.30363768,0,,,bloqueado G4,20260602_1104
2026-06-02 11:04:10,SKYAIUSDT,0,NONE,G1,G1B,3.4926,BEARISH,-25.51,148315117,0.1479,628454.50501626,0,,,BLOQUEADO -- G1B: spike de distribuicao (chg=-25.51% com spike 3.4926x),20260602_1104
2026-06-02 11:04:10,CATIUSDT,0,NONE,G1,G1B,4.0225,BEARISH,-18.21,0,0.048613,193662.30750328,0,,,BLOQUEADO -- G1B: spike de distribuicao (chg=-18.21% com spike 4.0225x),20260602_1104
2026-06-02 12:04:37,PHBUSDT,0,NONE,G1|G2,G4,2.4861,BEARISH,-23.48,0,0.0129,603316.53790956,0,,,bloqueado G4,20260602_1204
2026-06-02 12:04:37,USUSDT,0,NONE,G1|G2,G4,3.4289,BULLISH,40.24,0,0.011525,2486970.26643051,0,,,bloqueado G4,20260602_1204
2026-06-02 12:04:38,ARDRUSDT,0,NONE,G1|G2,G4,2.3815,NEUTRAL,2.28,0,0.037754,232434.17008596,0,,,bloqueado G4,20260602_1204
2026-06-02 12:04:38,PIEVERSEUSDT,0,NONE,G1|G2,G4,2.2637,BULLISH,14.88,0,1.056,21930.87116204,0,,,bloqueado G4,20260602_1204
2026-06-02 12:04:38,SKYAIUSDT,0,NONE,G1,G1B,3.5785,BEARISH,-26.57,145947321,0.1471,643924.4409481,0,,,BLOQUEADO -- G1B: spike de distribuicao (chg=-26.57% com spike 3.5785x),20260602_1204
2026-06-02 12:04:38,CATIUSDT,0,NONE,G1,G1B,4.1956,BEARISH,-16.14,0,0.049919,201992.55534222,0,,,BLOQUEADO -- G1B: spike de distribuicao (chg=-16.14% com spike 4.1956x),20260602_1204
2026-06-02 13:05:08,PHBUSDT,0,NONE,G1|G2,G4,2.6816,BEARISH,-30.79,0,0.011668,650769.15575821,0,,,bloqueado G4,20260602_1305
2026-06-02 13:05:08,USUSDT,0,NONE,G1|G2,G4,3.5789,BULLISH,34.81,0,0.011127,2595819.9225948,0,,,bloqueado G4,20260602_1305
2026-06-02 13:05:08,ARDRUSDT,0,NONE,G1|G2,G4,2.4349,NEUTRAL,1.42,0,0.037609,237646.77317263,0,,,bloqueado G4,20260602_1305
2026-06-02 13:05:09,PIEVERSEUSDT,0,NONE,G1|G2,G4,2.4216,BULLISH,16.38,0,1.0698,23460.6124026,0,,,bloqueado G4,20260602_1305
2026-06-02 13:05:09,FIGHTUSDT,0,NONE,G1|G2,G4,2.0849,BEARISH,-12.54,0,0.00415,1435693.9395601,0,,,bloqueado G4,20260602_1305
2026-06-02 13:05:09,BPUSDT,0,NONE,G1|G2,G4,2.9893,BULLISH,23.95,0,0.184205,113316.52978183,0,,,bloqueado G4,20260602_1305
2026-06-02 13:05:09,SKYAIUSDT,0,NONE,G1,G1B,3.6973,BEARISH,-26.07,146890379,0.1475,665293.93014388,0,,,BLOQUEADO -- G1B: spike de distribuicao (chg=-26.07% com spike 3.6973x),20260602_1305
2026-06-02 13:05:10,CATIUSDT,0,NONE,G1,G1B,4.2492,BEARISH,-18.21,0,0.048687,204573.76855283,0,,,BLOQUEADO -- G1B: spike de distribuicao (chg=-18.21% com spike 4.2492x),20260602_1305
2026-06-02 14:05:38,PHBUSDT,0,NONE,G1|G2,G4,2.9885,BEARISH,-29.39,0,0.011904,725230.94580894,0,,,bloqueado G4,20260602_1405
2026-06-02 14:05:38,USUSDT,0,NONE,G1|G2,G4,3.7084,BULLISH,37.47,0,0.011354,2689717.02329912,0,,,bloqueado G4,20260602_1405
2026-06-02 14:05:38,ARDRUSDT,0,NONE,G1|G2,G4,2.4808,NEUTRAL,0.93,0,0.037256,242129.78912297,0,,,bloqueado G4,20260602_1405
2026-06-02 14:05:39,BIOUSDT,0,NONE,G1|G2,G4,2.2759,NEUTRAL,3.73,0,0.032728,327718.13117635,0,,,bloqueado G4,20260602_1405
2026-06-02 14:05:39,PIEVERSEUSDT,0,NONE,G1|G2,G4,2.6696,BULLISH,26.51,0,1.1629,25862.82435726,0,,,bloqueado G4,20260602_1405
2026-06-02 14:05:39,FIGHTUSDT,0,NONE,G1|G2,G4,2.1532,BEARISH,-13.66,0,0.004088,1482771.87493297,0,,,bloqueado G4,20260602_1405
2026-06-02 14:05:39,TIBBIRUSDT,0,NONE,G1|G2,G4,2.0589,BULLISH,5.7,0,0.121523,43613.94180175,0,,,bloqueado G4,20260602_1405
2026-06-02 14:05:40,BPUSDT,0,NONE,G1|G2,G4,3.0455,BULLISH,26.85,0,0.188336,115444.25915978,0,,,bloqueado G4,20260602_1405
2026-06-02 14:05:40,SKYAIUSDT,0,NONE,G1,G1B,3.8373,BEARISH,-20.85,156166290,0.1579,690491.82831961,0,,,BLOQUEADO -- G1B: spike de distribuicao (chg=-20.85% com spike 3.8373x),20260602_1405
2026-06-02 14:05:40,CATIUSDT,0,NONE,G1,G1B,4.3823,BEARISH,-16.92,0,0.049452,210981.69060879,0,,,BLOQUEADO -- G1B: spike de distribuicao (chg=-16.92% com spike 4.3823x),20260602_1405
2026-06-02 15:06:09,PHBUSDT,0,NONE,G1|G2,G4,3.0327,BEARISH,-31.59,0,0.011532,735968.35091059,0,,,bloqueado G4,20260602_1506
2026-06-02 15:06:09,USUSDT,0,NONE,G1|G2,G4,3.8014,BULLISH,36.52,0,0.011244,2757166.42208704,0,,,bloqueado G4,20260602_1506
2026-06-02 15:06:09,ARDRUSDT,0,NONE,G1|G2,G4,2.5162,NEUTRAL,0.98,0,0.037274,245583.78912297,0,,,bloqueado G4,20260602_1506
2026-06-02 15:06:10,BIOUSDT,0,NONE,G1|G2,G4,2.3477,BULLISH,5.97,0,0.033448,338053.19211431,0,,,bloqueado G4,20260602_1506
2026-06-02 15:06:10,EDGEUSDT,0,NONE,G1|G2,G4,2.0233,NEUTRAL,-1.84,0,0.7029,56414.65516486,0,,,bloqueado G4,20260602_1506
2026-06-02 15:06:10,PIEVERSEUSDT,0,NONE,G1|G2,G4,2.9437,BULLISH,30.84,0,1.2027,28518.58335083,0,,,bloqueado G4,20260602_1506
2026-06-02 15:06:11,FIGHTUSDT,0,NONE,G1|G2,G4,2.2033,BEARISH,-13.83,0,0.00408,1517246.87493297,0,,,bloqueado G4,20260602_1506
2026-06-02 15:06:11,TIBBIRUSDT,0,NONE,G1|G2,G4,2.1058,BULLISH,5.9,0,0.121762,44607.43152058,0,,,bloqueado G4,20260602_1506
2026-06-02 15:06:11,BPUSDT,0,NONE,G1|G2,G4,3.1393,BULLISH,30.78,0,0.19393,119002.10902441,0,,,bloqueado G4,20260602_1506
2026-06-02 15:06:11,SKYAIUSDT,0,NONE,G1,G1B,3.9257,BEARISH,-24.11,152307991,0.1514,706384.41407024,0,,,BLOQUEADO -- G1B: spike de distribuicao (chg=-24.11% com spike 3.9257x),20260602_1506
2026-06-02 15:06:12,CATIUSDT,0,NONE,G1,G1B,4.4338,BEARISH,-17.33,0,0.0492,213462.95605486,0,,,BLOQUEADO -- G1B: spike de distribuicao (chg=-17.33% com spike 4.4338x),20260602_1506
2026-06-02 16:06:41,PHBUSDT,0,NONE,G1|G2,G4,3.0833,BEARISH,-26.79,0,0.012342,748244.5690956,0,,,bloqueado G4,20260602_1606
2026-06-02 16:06:42,USUSDT,0,NONE,G1|G2,G4,3.8416,BULLISH,39.99,0,0.011504,2786314.89734545,0,,,bloqueado G4,20260602_1606
2026-06-02 16:06:42,ARDRUSDT,0,NONE,G1|G2,G4,2.567,NEUTRAL,2.37,0,0.037788,250536.28107909,0,,,bloqueado G4,20260602_1606
2026-06-02 16:06:43,BIOUSDT,0,NONE,G1|G2,G4,2.4014,NEUTRAL,3.25,0,0.032579,345788.00306343,0,,,bloqueado G4,20260602_1606
2026-06-02 16:06:43,EDGEUSDT,0,NONE,G1|G2,G4,2.0502,NEUTRAL,-2.71,0,0.6967,57165.37671708,0,,,bloqueado G4,20260602_1606
2026-06-02 16:06:43,PIEVERSEUSDT,0,NONE,G1|G2,G4,3.1077,BULLISH,24.25,0,1.1421,30108.11909448,0,,,bloqueado G4,20260602_1606
2026-06-02 16:06:44,APRUSDT,0,NONE,G1|G2,G4,2.0153,BULLISH,32.24,0,0.22787,78209.75475203,0,,,bloqueado G4,20260602_1606
2026-06-02 16:06:44,FIGHTUSDT,0,NONE,G1|G2,G4,2.2882,BEARISH,-13.81,0,0.004088,1575730.94391354,0,,,bloqueado G4,20260602_1606
2026-06-02 16:06:45,USELESSUSDT,0,NONE,G1|G2,G4,2.0332,BULLISH,14.7,0,0.093348,221489.704744,0,,,bloqueado G4,20260602_1606
2026-06-02 16:06:45,TIBBIRUSDT,0,NONE,G1|G2,G4,2.1388,NEUTRAL,4.03,0,0.119612,45306.23152058,0,,,bloqueado G4,20260602_1606
2026-06-02 16:06:45,BPUSDT,0,NONE,G1|G2,G4,3.324,BULLISH,28,0,0.190049,126000.60376511,0,,,bloqueado G4,20260602_1606
2026-06-02 16:06:46,SKYAIUSDT,0,NONE,G1,G1B,3.9855,BEARISH,-22.86,150429975,0.1539,717155.15485953,0,,,BLOQUEADO -- G1B: spike de distribuicao (chg=-22.86% com spike 3.9855x),20260602_1606
2026-06-02 16:06:46,CATIUSDT,0,NONE,G1,G1B,4.4668,BEARISH,-17.5,0,0.049109,215050.55247319,0,,,BLOQUEADO -- G1B: spike de distribuicao (chg=-17.5% com spike 4.4668x),20260602_1606
2026-06-02 17:07:15,PHBUSDT,0,NONE,G1|G2,G4,3.2989,BEARISH,-18.45,0,0.013739,800561.5537264,0,,,bloqueado G4,20260602_1707
2026-06-02 17:07:16,USUSDT,0,NONE,G1|G2,G4,3.8893,BULLISH,41.92,0,0.011663,2820916.7391204,0,,,bloqueado G4,20260602_1707
2026-06-02 17:07:16,ARDRUSDT,0,NONE,G1|G2,G4,2.613,NEUTRAL,4.01,0,0.038396,255024.90959978,0,,,bloqueado G4,20260602_1707
2026-06-02 17:07:16,CLEARUSDT,0,NONE,G1|G2,G4,2.0053,BULLISH,357.57,0,0.00074683,37761343.624265768,0,,,bloqueado G4,20260602_1707
2026-06-02 17:07:17,BIOUSDT,0,NONE,G1|G2,G4,2.491,NEUTRAL,0.55,0,0.03188,358688.54444562,0,,,bloqueado G4,20260602_1707
2026-06-02 17:07:17,EDGEUSDT,0,NONE,G1|G2,G4,2.0782,NEUTRAL,-1.82,0,0.7031,57945.51108307,0,,,bloqueado G4,20260602_1707
2026-06-02 17:07:17,PIEVERSEUSDT,0,NONE,G1|G2,G4,3.2176,BULLISH,21.53,0,1.1108,31172.58621344,0,,,bloqueado G4,20260602_1707
2026-06-02 17:07:17,GEODUSDT,0,NONE,G1|G2,G4,2.2581,BULLISH,24.37,0,0.190166,43939.0572532,0,,,bloqueado G4,20260602_1707
2026-06-02 17:07:18,APRUSDT,0,NONE,G1|G2,G4,2.1627,BULLISH,31.76,0,0.227039,83927.9916767,0,,,bloqueado G4,20260602_1707
2026-06-02 17:07:18,FIGHTUSDT,0,NONE,G1|G2,G4,2.3395,BEARISH,-14.07,0,0.004076,1611009.73053325,0,,,bloqueado G4,20260602_1707
2026-06-02 17:07:18,USELESSUSDT,0,NONE,G1|G2,G4,2.2919,BULLISH,15.62,0,0.094044,249673.52359812,0,,,bloqueado G4,20260602_1707
2026-06-02 17:07:19,TIBBIRUSDT,0,NONE,G1|G2,G4,2.1712,NEUTRAL,4.03,0,0.119612,45993.13152058,0,,,bloqueado G4,20260602_1707
2026-06-02 17:07:19,BPUSDT,0,NONE,G1|G2,G4,3.4334,BULLISH,24.84,0,0.185344,130149.30708859,0,,,bloqueado G4,20260602_1707
2026-06-02 17:07:19,HNSUSDT,0,NONE,G1|G2,G4,2.0422,BEARISH,-15.59,0,0.003569,2143920.6046713,0,,,bloqueado G4,20260602_1707
2026-06-02 17:07:19,SKYAIUSDT,0,NONE,G1,G1B,4.1178,BEARISH,-24.06,151730816,0.1515,740950.44808373,0,,,BLOQUEADO -- G1B: spike de distribuicao (chg=-24.06% com spike 4.1178x),20260602_1707
2026-06-02 17:07:20,CATIUSDT,0,NONE,G1,G1B,4.5112,BEARISH,-15.83,0,0.050015,217188.93038301,0,,,BLOQUEADO -- G1B: spike de distribuicao (chg=-15.83% com spike 4.5112x),20260602_1707
2026-06-02 18:07:51,PHBUSDT,0,NONE,G1|G2,G4,3.5319,BEARISH,-35.79,0,0.010833,857103.41545925,0,,,bloqueado G4,20260602_1807
2026-06-02 18:07:51,KGENUSDT,0,NONE,G1|G2,G4,2.0099,BULLISH,14.16,0,0.210091,49309.665017,0,,,bloqueado G4,20260602_1807
2026-06-02 18:07:52,USUSDT,0,NONE,G1|G2,G4,3.9546,BULLISH,46.76,0,0.011941,2868301.85511916,0,,,bloqueado G4,20260602_1807
2026-06-02 18:07:52,ARDRUSDT,0,NONE,G1|G2,G4,2.8343,NEUTRAL,4.58,0,0.038606,276624.02249115,0,,,bloqueado G4,20260602_1807
2026-06-02 18:07:52,HACUSDT,0,NONE,G1|G2,G4,2.0505,NEUTRAL,1.65,0,0.202628,30984.10462537,0,,,bloqueado G4,20260602_1807
2026-06-02 18:07:52,CLEARUSDT,0,NONE,G1|G2,G4,2.2395,BULLISH,331.12,0,0.00071078,42173169.82164371,0,,,bloqueado G4,20260602_1807
2026-06-02 18:07:53,BIOUSDT,0,NONE,G1|G2,G4,2.5971,NEUTRAL,3.35,0,0.032609,373966.0151699,0,,,bloqueado G4,20260602_1807
2026-06-02 18:07:53,EDGEUSDT,0,NONE,G1|G2,G4,2.1724,NEUTRAL,1.2,0,0.7252,60572.92787387,0,,,bloqueado G4,20260602_1807
2026-06-02 18:07:53,PIEVERSEUSDT,0,NONE,G1|G2,G4,3.3668,BULLISH,16.91,0,1.0759,32617.58179623,0,,,bloqueado G4,20260602_1807
2026-06-02 18:07:54,GEODUSDT,0,NONE,G1|G2,G4,2.3977,BULLISH,31,0,0.200301,46655.45683867,0,,,bloqueado G4,20260602_1807
2026-06-02 18:07:54,APRUSDT,0,NONE,G1|G2,G4,2.319,BULLISH,41.29,0,0.243466,89994.48842316,0,,,bloqueado G4,20260602_1807
2026-06-02 18:07:54,FIGHTUSDT,0,NONE,G1|G2,G4,2.3917,BEARISH,-13.75,0,0.004084,1646971.54126381,0,,,bloqueado G4,20260602_1807
2026-06-02 18:07:54,USELESSUSDT,0,NONE,G1|G2,G4,2.3353,BULLISH,20.04,0,0.097687,254399.22526097,0,,,bloqueado G4,20260602_1807
2026-06-02 18:07:55,TIBBIRUSDT,0,NONE,G1|G2,G4,2.2362,NEUTRAL,3.87,0,0.119427,47369.38377614,0,,,bloqueado G4,20260602_1807
2026-06-02 18:07:55,BPUSDT,0,NONE,G1|G2,G4,3.4563,BULLISH,26.61,0,0.187976,131017.80708859,0,,,bloqueado G4,20260602_1807
2026-06-02 18:07:55,SENDUSDT,0,NONE,G1|G2,G4,2.5726,NEUTRAL,-9.66,0,0.05045,92441.17819909,0,,,bloqueado G4,20260602_1807
2026-06-02 18:07:56,RLSUSDT,0,NONE,G1|G2,G4,2.6575,NEUTRAL,-2.48,0,0.003347,3064321.45584546,0,,,bloqueado G4,20260602_1807
2026-06-02 18:07:56,HNSUSDT,0,NONE,G1|G2,G4,2.0869,BEARISH,-16.53,0,0.003529,2190892.13680271,0,,,bloqueado G4,20260602_1807
2026-06-02 18:07:56,SKYAIUSDT,0,NONE,G1,G1B,4.2093,BEARISH,-24.11,150943668,0.1514,757416.23382649,0,,,BLOQUEADO -- G1B: spike de distribuicao (chg=-24.11% com spike 4.2093x),20260602_1807
2026-06-02 18:07:56,CATIUSDT,0,NONE,G1,G1B,4.6702,BEARISH,-15.71,0,0.050171,224845.16086732,0,,,BLOQUEADO -- G1B: spike de distribuicao (chg=-15.71% com spike 4.6702x),20260602_1807
2026-06-02 19:08:28,HERBUSDT,0,NONE,G1|G2,G4,2.1558,NEUTRAL,-0.99,0,0.031085,191983.59159386,0,,,bloqueado G4,20260602_1908
2026-06-02 19:08:28,PHBUSDT,0,NONE,G1|G2,G4,3.791,BEARISH,-21.59,0,0.013242,919990.25795988,0,,,bloqueado G4,20260602_1908
2026-06-02 19:08:28,KGENUSDT,0,NONE,G1|G2,G4,2.051,BULLISH,14.74,0,0.210141,50317.3739877,0,,,bloqueado G4,20260602_1908
2026-06-02 19:08:29,USUSDT,0,NONE,G1|G2,G4,4.1002,BULLISH,59,0,0.013067,2973903.18775797,0,,,bloqueado G4,20260602_1908
2026-06-02 19:08:29,ARDRUSDT,0,NONE,G1|G2,G4,2.8888,BULLISH,5.81,0,0.039059,281949.80767122,0,,,bloqueado G4,20260602_1908
2026-06-02 19:08:29,HACUSDT,0,NONE,G1|G2,G4,2.1124,NEUTRAL,0.95,0,0.201247,31919.39736441,0,,,bloqueado G4,20260602_1908
2026-06-02 19:08:30,CLEARUSDT,0,NONE,G1|G2,G4,2.3345,BULLISH,335.71,0,0.00070398,43960744.842028312,0,,,bloqueado G4,20260602_1908
2026-06-02 19:08:30,BIOUSDT,0,NONE,G1|G2,G4,2.6564,NEUTRAL,4.55,0,0.032988,382496.80756046,0,,,bloqueado G4,20260602_1908
2026-06-02 19:08:30,EDGEUSDT,0,NONE,G1|G2,G4,2.2366,NEUTRAL,1.41,0,0.7255,62362.36934915,0,,,bloqueado G4,20260602_1908
2026-06-02 19:08:30,PIEVERSEUSDT,0,NONE,G1|G2,G4,3.4496,BULLISH,15.11,0,1.0534,33420.00160721,0,,,bloqueado G4,20260602_1908
2026-06-02 19:08:31,GEODUSDT,0,NONE,G1|G2,G4,2.7759,BULLISH,17.83,0,0.180159,54014.16988497,0,,,bloqueado G4,20260602_1908
2026-06-02 19:08:31,APRUSDT,0,NONE,G1|G2,G4,2.4297,BULLISH,38.27,0,0.23826,94291.42732144,0,,,bloqueado G4,20260602_1908
2026-06-02 19:08:31,FIGHTUSDT,0,NONE,G1|G2,G4,2.4416,BEARISH,-13.81,0,0.004067,1681316.54126381,0,,,bloqueado G4,20260602_1908
2026-06-02 19:08:31,USELESSUSDT,0,NONE,G1|G2,G4,2.3949,BULLISH,18.82,0,0.096649,260899.66830522,0,,,bloqueado G4,20260602_1908
2026-06-02 19:08:32,TIBBIRUSDT,0,NONE,G1|G2,G4,2.2693,NEUTRAL,3.87,0,0.119427,48070.18377614,0,,,bloqueado G4,20260602_1908
2026-06-02 19:08:32,BPUSDT,0,NONE,G1|G2,G4,3.4834,BULLISH,28,0,0.190045,132043.39473244,0,,,bloqueado G4,20260602_1908
2026-06-02 19:08:32,SENDUSDT,0,NONE,G1|G2,G4,3.2009,NEUTRAL,-1.64,0,0.054929,115017.72582068,0,,,bloqueado G4,20260602_1908
2026-06-02 19:08:33,RLSUSDT,0,NONE,G1|G2,G4,3.5459,NEUTRAL,-4.2,0,0.003283,4088826.3724609,0,,,bloqueado G4,20260602_1908
2026-06-02 19:08:33,HNSUSDT,0,NONE,G1|G2,G4,2.147,BEARISH,-17.43,0,0.003491,2253949.14283378,0,,,bloqueado G4,20260602_1908
2026-06-02 19:08:33,SKYAIUSDT,0,NONE,G1,G1B,4.2414,BEARISH,-21.2,156718849,0.1556,763203.39825262,0,,,BLOQUEADO -- G1B: spike de distribuicao (chg=-21.2% com spike 4.2414x),20260602_1908
2026-06-02 19:08:33,CATIUSDT,0,NONE,G1,G1B,4.7317,BEARISH,-15.84,0,0.050095,227802.74223735,0,,,BLOQUEADO -- G1B: spike de distribuicao (chg=-15.84% com spike 4.7317x),20260602_1908
2026-06-02 20:09:06,HERBUSDT,0,NONE,G1|G2,G4,2.1951,NEUTRAL,-0.99,0,0.031086,195491.59159386,0,,,bloqueado G4,20260602_2009
2026-06-02 20:09:06,PHBUSDT,0,NONE,G1|G2,G4,4.0336,BEARISH,-27.99,0,0.012139,978866.09599164,0,,,bloqueado G4,20260602_2009
2026-06-02 20:09:06,RIVERUSDT,0,NONE,G1|G2,G4,2.0241,BEARISH,-18.91,0,5.1998,5939.0104009,0,,,bloqueado G4,20260602_2009
2026-06-02 20:09:06,KGENUSDT,0,NONE,G1|G2,G4,2.1197,BULLISH,13.6,0,0.209059,52003.75491518,0,,,bloqueado G4,20260602_2009
2026-06-02 20:09:07,USUSDT,0,NONE,G1|G2,G4,4.5815,BULLISH,73.59,0,0.014266,3322971.80980636,0,,,bloqueado G4,20260602_2009
2026-06-02 20:09:07,ARDRUSDT,0,NONE,G1|G2,G4,2.9385,NEUTRAL,4.79,0,0.038683,286799.20095991,0,,,bloqueado G4,20260602_2009
2026-06-02 20:09:07,HACUSDT,0,NONE,G1|G2,G4,2.1355,NEUTRAL,-0.05,0,0.199245,32267.59736441,0,,,bloqueado G4,20260602_2009
2026-06-02 20:09:08,CLEARUSDT,0,NONE,G1|G2,G4,2.3912,BULLISH,357.54,0,0.00073924,45029005.483687326,0,,,bloqueado G4,20260602_2009
2026-06-02 20:09:08,BIOUSDT,0,NONE,G1|G2,G4,2.7712,NEUTRAL,4.18,0,0.032878,399028.33975316,0,,,bloqueado G4,20260602_2009
2026-06-02 20:09:08,EDGEUSDT,0,NONE,G1|G2,G4,2.3216,NEUTRAL,-2.82,0,0.6972,64731.76397296,0,,,bloqueado G4,20260602_2009
2026-06-02 20:09:08,PIEVERSEUSDT,0,NONE,G1|G2,G4,3.5235,BULLISH,17.31,0,1.0783,34135.83188225,0,,,bloqueado G4,20260602_2009
2026-06-02 20:09:09,GEODUSDT,0,NONE,G1|G2,G4,2.8372,BULLISH,18.73,0,0.181531,55206.27232628,0,,,bloqueado G4,20260602_2009
2026-06-02 20:09:09,APRUSDT,0,NONE,G1|G2,G4,2.4732,BULLISH,41.98,0,0.244648,95980.04521912,0,,,bloqueado G4,20260602_2009
2026-06-02 20:09:09,FIGHTUSDT,0,NONE,G1|G2,G4,2.505,BEARISH,-15.46,0,0.004003,1724999.73878977,0,,,bloqueado G4,20260602_2009
2026-06-02 20:09:10,USELESSUSDT,0,NONE,G1|G2,G4,2.4377,BULLISH,16.41,0,0.094736,265553.19082662,0,,,bloqueado G4,20260602_2009
2026-06-02 20:09:10,TIBBIRUSDT,0,NONE,G1|G2,G4,2.3016,NEUTRAL,3.87,0,0.119427,48754.58377614,0,,,bloqueado G4,20260602_2009
2026-06-02 20:09:10,BPUSDT,0,NONE,G1|G2,G4,3.6183,BULLISH,28.39,0,0.190627,137156.84805442,0,,,bloqueado G4,20260602_2009
2026-06-02 20:09:10,VINUUSDT,0,NONE,G1|G2,G4,2.558,BULLISH,15.53,0,1.543E-09,8301607780017.43,0,,,bloqueado G4,20260602_2009
2026-06-02 20:09:11,SENDUSDT,0,NONE,G1|G2,G4,3.3044,NEUTRAL,-4.1,0,0.053556,118733.69550071,0,,,bloqueado G4,20260602_2009
2026-06-02 20:09:11,RLSUSDT,0,NONE,G1|G2,G4,3.639,NEUTRAL,-4.76,0,0.003264,4196117.07737651,0,,,bloqueado G4,20260602_2009
2026-06-02 20:09:11,IRYSUSDT,0,NONE,G1|G2,G4,2.04,NEUTRAL,-1.2,0,0.022214,296553.84663757,0,,,bloqueado G4,20260602_2009
2026-06-02 20:09:12,HNSUSDT,0,NONE,G1|G2,G4,2.1853,BEARISH,-17.72,0,0.003479,2294235.49078978,0,,,bloqueado G4,20260602_2009
2026-06-02 20:09:12,SKYAIUSDT,0,NONE,G1,G1B,4.3498,BEARISH,-21.5,153514882,0.1574,782712.47659149,0,,,BLOQUEADO -- G1B: spike de distribuicao (chg=-21.5% com spike 4.3498x),20260602_2009
2026-06-02 20:09:12,CATIUSDT,0,NONE,G1,G1B,4.8516,BEARISH,-15.3,0,0.050418,233576.53724219,0,,,BLOQUEADO -- G1B: spike de distribuicao (chg=-15.3% com spike 4.8516x),20260602_2009
2026-06-03 04:01:07,TIBBIRUSDT,0,NONE,G1|G2,G4,2.8343,NEUTRAL,2.8,0,0.122547,90331.99760279,0,,,bloqueado G4,20260603_0401
2026-06-03 04:01:07,BPUSDT,70,DISCOVERY,G1|G2|G3|G4|G6|G8-LATE,,2.4993,BULLISH,51.03,0,0.268691,177312.28777291,13.58,0.5,2,"""DISCOVERY score=70 gates=G1,G2,G3,G4,G6,G8-LATE""",20260603_0401
2026-06-03 05:01:43,TIBBIRUSDT,0,NONE,G1|G2,G4,2.8558,NEUTRAL,3.81,0,0.123744,91017.19760279,0,,,bloqueado G4,20260603_0501
2026-06-03 05:01:44,BPUSDT,70,DISCOVERY,G1|G2|G3|G4|G6|G8-LATE,,3.0834,BULLISH,56.42,0,0.278294,218752.21356581,13.58,0.5,2,"""DISCOVERY score=70 gates=G1,G2,G3,G4,G6,G8-LATE""",20260603_0501
2026-06-03 06:02:19,TIBBIRUSDT,0,NONE,G1|G2,G4,2.8777,NEUTRAL,4.08,0,0.124073,91713.39760279,0,,,bloqueado G4,20260603_0602
2026-06-03 06:02:19,BPUSDT,70,DISCOVERY,G1|G2|G3|G4|G6|G8-LATE,,3.345,BULLISH,41.43,0,0.251622,237305.75887224,13.58,0.5,2,"""DISCOVERY score=70 gates=G1,G2,G3,G4,G6,G8-LATE""",20260603_0602
2026-06-03 07:02:53,NOICEUSDT,0,NONE,G1|G2,G4,2.1262,BULLISH,17.33,0,1.86894E-05,381641777.9553076,0,,,bloqueado G4,20260603_0702
2026-06-03 07:02:53,CLEARUSDT,0,NONE,G1|G2,G4,2.0249,BEARISH,-52.99,0,0.00037702,56693086.438410588,0,,,bloqueado G4,20260603_0702
2026-06-03 07:02:54,TIBBIRUSDT,0,NONE,G1|G2,G4,2.9196,BULLISH,5.1,0,0.124817,93050.37378996,0,,,bloqueado G4,20260603_0702
2026-06-03 07:02:54,BPUSDT,80,DISCOVERY,G1|G2|G3|G4|G5|G6|G8-LATE,,3.4605,BULLISH,56.77,0,0.284334,245505.90883553,13.58,0.5,2,"""DISCOVERY score=80 gates=G1,G2,G3,G4,G5,G6,G8-LATE""",20260603_0702
2026-06-03 08:03:28,NOICEUSDT,0,NONE,G1|G2,G4,2.2061,BULLISH,22.59,0,2.03345E-05,395974964.34592354,0,,,bloqueado G4,20260603_0803
2026-06-03 08:03:28,CLEARUSDT,0,NONE,G1|G2,G4,2.3389,BEARISH,-30.64,0,0.00055634,65482603.922016069,0,,,bloqueado G4,20260603_0803
2026-06-03 08:03:29,TIBBIRUSDT,0,NONE,G1|G2,G4,2.9457,BULLISH,5.01,0,0.125185,93879.96978827,0,,,bloqueado G4,20260603_0803
2026-06-03 08:03:29,BPUSDT,70,DISCOVERY,G1|G2|G3|G4|G6|G8-LATE,,3.7488,BULLISH,49.78,0,0.266482,265954.38737771,13.58,0.5,2,"""DISCOVERY score=70 gates=G1,G2,G3,G4,G6,G8-LATE""",20260603_0803
2026-06-03 09:04:01,NOICEUSDT,0,NONE,G1|G2,G4,2.2462,BULLISH,17.95,0,1.95648E-05,403169400.8103869,0,,,bloqueado G4,20260603_0904
2026-06-03 09:04:01,CLEARUSDT,0,NONE,G1|G2,G4,2.3972,BEARISH,-37.23,0,0.00050346,67115724.910626784,0,,,bloqueado G4,20260603_0904
2026-06-03 09:04:01,TIBBIRUSDT,0,NONE,G1|G2,G4,2.9677,NEUTRAL,4.99,0,0.125155,94581.56978827,0,,,bloqueado G4,20260603_0904
2026-06-03 09:04:01,BPUSDT,80,DISCOVERY,G1|G2|G3|G4|G6|G8-MID,,3.9884,BULLISH,37.02,0,0.243782,282954.11327111,13.58,0.5,2,"""DISCOVERY score=80 gates=G1,G2,G3,G4,G6,G8-MID""",20260603_0904
2026-06-03 10:05:32,NOICEUSDT,0,NONE,G1|G2,G4,2.3074,BULLISH,10,0,1.8246E-05,414148833.11095291,0,,,bloqueado G4,20260603_1005
2026-06-03 10:05:33,CLEARUSDT,0,NONE,G1|G2,G4,2.4313,BEARISH,-41.05,0,0.00047759,68069758.887469724,0,,,bloqueado G4,20260603_1005
2026-06-03 10:05:33,TIBBIRUSDT,0,NONE,G1|G2,G4,2.9962,NEUTRAL,4.76,0,0.124881,95489.6833175,0,,,bloqueado G4,20260603_1005
2026-06-03 10:05:35,BPUSDT,0,NONE,G1|G2,G4,4.0252,BULLISH,37.4,0,0.244451,285565.35232976,0,,,bloqueado G4,20260603_1005
2026-06-03 11:06:05,NOICEUSDT,0,NONE,G1|G2,G4,2.3587,BULLISH,12.01,0,1.85806E-05,423371948.28524494,0,,,bloqueado G4,20260603_1106
2026-06-03 11:06:06,CLEARUSDT,0,NONE,G1|G2,G4,2.4777,BEARISH,-33.24,0,0.00053544,69370580.668455452,0,,,bloqueado G4,20260603_1106
2026-06-03 11:06:06,TIBBIRUSDT,0,NONE,G1|G2,G4,3.0362,BULLISH,6.14,0,0.126524,96765.33725887,0,,,bloqueado G4,20260603_1106
2026-06-03 11:06:06,BPUSDT,0,NONE,G1|G2,G4,4.1102,BULLISH,29.63,0,0.230633,291596.55503349,0,,,bloqueado G4,20260603_1106
2026-06-03 11:25:18,NOICEUSDT,0,NONE,G1|G2,G4,2.3768,BULLISH,12.01,0,1.85791E-05,426607292.20116693,0,,,bloqueado G4,20260603_1125
2026-06-03 11:25:18,CLEARUSDT,0,NONE,G1|G2,G4,2.4819,BEARISH,-35.2,0,0.00051974,69485893.376505673,0,,,bloqueado G4,20260603_1125
2026-06-03 11:25:18,TIBBIRUSDT,0,NONE,G1|G2,G4,3.0469,BULLISH,6.13,0,0.12652,97106.18284792,0,,,bloqueado G4,20260603_1125
2026-06-03 11:25:18,BPUSDT,0,NONE,G1|G2,G4,4.1229,BULLISH,30.43,0,0.232044,292493.64733602,0,,,bloqueado G4,20260603_1125
2026-06-03 12:00:26,NOICEUSDT,0,NONE,G1|G2,G4,2.47,BULLISH,14.27,0,1.89541E-05,443346059.52444357,0,,,bloqueado G4,20260603_1200
2026-06-03 12:00:26,CLEARUSDT,0,NONE,G1|G2,G4,2.4916,BEARISH,-34.12,0,0.00052841,69757514.226429254,0,,,bloqueado G4,20260603_1200
2026-06-03 12:00:26,AGTUSDT,0,NONE,G1|G2,G4,2.0464,BULLISH,20.49,0,0.014746,651036.55626265,0,,,bloqueado G4,20260603_1200
2026-06-03 12:00:27,TIBBIRUSDT,0,NONE,G1|G2,G4,3.0799,BULLISH,6.67,0,0.127156,98156.40763279,0,,,bloqueado G4,20260603_1200
2026-06-03 12:00:27,BPUSDT,0,NONE,G1|G2,G4,4.1352,BULLISH,32.07,0,0.234969,293369.60675392,0,,,bloqueado G4,20260603_1200
2026-06-03 12:19:41,NOICEUSDT,0,NONE,G1|G2,G4,2.4899,BULLISH,11.46,0,1.84875E-05,446919166.36288977,0,,,bloqueado G4,20260603_1219
2026-06-03 12:19:42,DEEPUSDT,0,NONE,G1|G2,G4,2.0084,NEUTRAL,-8.11,0,0.021514,542265.84157595,0,,,bloqueado G4,20260603_1219
2026-06-03 12:19:42,CLEARUSDT,0,NONE,G1|G2,G4,2.495,BEARISH,-35.38,0,0.00051828,69853195.036640123,0,,,bloqueado G4,20260603_1219
2026-06-03 12:19:42,AGTUSDT,0,NONE,G1|G2,G4,2.0971,BULLISH,16.01,0,0.014197,667168.47790497,0,,,bloqueado G4,20260603_1219
2026-06-03 12:19:43,TIBBIRUSDT,0,NONE,G1|G2,G4,3.1102,BULLISH,6.67,0,0.127156,99124.36058035,0,,,bloqueado G4,20260603_1219
2026-06-03 12:19:43,BPUSDT,0,NONE,G1|G2,G4,4.2064,BULLISH,37.31,0,0.244293,298419.05245078,0,,,bloqueado G4,20260603_1219
2026-06-03 13:20:11,NOICEUSDT,0,NONE,G1|G2,G4,2.6215,BULLISH,5.35,0,1.74749E-05,470541763.12577,0,,,bloqueado G4,20260603_1320
2026-06-03 13:20:11,DEEPUSDT,0,NONE,G1|G2,G4,2.0361,NEUTRAL,-9.38,0,0.021211,549734.38923568,0,,,bloqueado G4,20260603_1320
2026-06-03 13:20:12,CLEARUSDT,0,NONE,G1|G2,G4,2.5172,BEARISH,-38.57,0,0.00049273,70475387.521483541,0,,,bloqueado G4,20260603_1320
2026-06-03 13:20:12,USELESSUSDT,0,NONE,G1|G2,G4,2.2169,BULLISH,9.42,0,0.103098,389154.16933714,0,,,bloqueado G4,20260603_1320
2026-06-03 13:20:12,AGTUSDT,0,NONE,G1|G2,G4,2.6581,BULLISH,15.44,0,0.014127,845642.31173285,0,,,bloqueado G4,20260603_1320
2026-06-03 13:20:12,BPUSDT,0,NONE,G1|G2,G4,4.4843,BULLISH,44.09,0,0.256357,318137.46388988,0,,,bloqueado G4,20260603_1320
2026-06-03 13:27:29,NOICEUSDT,0,NONE,G1|G2,G4,2.6345,NEUTRAL,1.18,0,1.68015E-05,472866903.32160181,0,,,bloqueado G4,20260603_1327
2026-06-03 13:27:29,DEEPUSDT,0,NONE,G1|G2,G4,2.0487,BEARISH,-10.8,0,0.020973,553134.64428594,0,,,bloqueado G4,20260603_1327
2026-06-03 13:27:29,CLEARUSDT,0,NONE,G1|G2,G4,2.5194,BEARISH,-40.4,0,0.000478,70537850.516041547,0,,,bloqueado G4,20260603_1327
2026-06-03 13:27:30,USELESSUSDT,0,NONE,G1|G2,G4,2.2403,BULLISH,6.81,0,0.100642,393265.46451361,0,,,bloqueado G4,20260603_1327
2026-06-03 13:27:30,AGTUSDT,0,NONE,G1|G2,G4,2.662,BULLISH,16.02,0,0.014198,846877.66207746,0,,,bloqueado G4,20260603_1327
2026-06-03 13:27:30,BPUSDT,0,NONE,G1|G2,G4,4.4873,BULLISH,42,0,0.252642,318348.19109555,0,,,bloqueado G4,20260603_1327
2026-06-03 13:27:30,OPNUSDT,60,DISCOVERY,G1|G2|G3|G4|G5|G8-LATE,,2.1775,BULLISH,53.91,0,0.189791,67042.30029557,13.58,0.5,2,"""DISCOVERY score=60 gates=G1,G2,G3,G4,G5,G8-LATE""",20260603_1327
2026-06-03 14:28:06,OPNUSDT,0,NONE,G1|G2,G4,3.0651,BULLISH,72.63,0,0.208189,94370.99423903,0,,,bloqueado G4,20260603_1428
2026-06-03 14:28:06,NOICEUSDT,0,NONE,G1|G2,G4,2.8372,NEUTRAL,0.4,0,1.66539E-05,509249112.91770118,0,,,bloqueado G4,20260603_1428
2026-06-03 14:28:06,DEEPUSDT,0,NONE,G1|G2,G4,2.0745,BEARISH,-10.54,0,0.020945,560103.62844601,0,,,bloqueado G4,20260603_1428
2026-06-03 14:28:07,YBUSDT,0,NONE,G1|G2,G4,4.1201,BULLISH,12.58,0,0.109199,139461.90602321,0,,,bloqueado G4,20260603_1428
2026-06-03 14:28:07,CLEARUSDT,0,NONE,G1|G2,G4,2.5405,BEARISH,-39.32,0,0.00048666,71127608.100899547,0,,,bloqueado G4,20260603_1428
2026-06-03 14:28:07,USELESSUSDT,0,NONE,G1|G2,G4,2.2864,BULLISH,10.75,0,0.104349,401363.90252726,0,,,bloqueado G4,20260603_1428
2026-06-03 14:28:07,AGTUSDT,0,NONE,G1|G2,G4,2.7195,BULLISH,16.7,0,0.014282,865179.3219868,0,,,bloqueado G4,20260603_1428
2026-06-03 14:28:08,GPSUSDT,0,NONE,G1|G2,G4,2.3848,BEARISH,-10.02,0,0.007474,1095235.15966397,0,,,bloqueado G4,20260603_1428
2026-06-03 14:28:08,BPUSDT,80,DISCOVERY,G1|G2|G3|G4|G5|G6|G8-LATE,,4.6556,BULLISH,50.42,0,0.267618,330289.33356217,13.58,0.5,2,"""DISCOVERY score=80 gates=G1,G2,G3,G4,G5,G6,G8-LATE""",20260603_1428
2026-06-03 15:28:44,NOICEUSDT,0,NONE,G1|G2,G4,2.8834,NEUTRAL,2.73,0,1.70397E-05,517544883.04811871,0,,,bloqueado G4,20260603_1528
2026-06-03 15:28:44,STOUSDT,0,NONE,G1|G2,G4,3.0339,BULLISH,38.74,0,0.077111,132876.26837874,0,,,bloqueado G4,20260603_1528
2026-06-03 15:28:45,DEEPUSDT,0,NONE,G1|G2,G4,2.1194,BEARISH,-11.91,0,0.020625,572239.71234227,0,,,bloqueado G4,20260603_1528
2026-06-03 15:28:45,YBUSDT,0,NONE,G1|G2,G4,4.1576,BULLISH,14.05,0,0.110628,140733.05286726,0,,,bloqueado G4,20260603_1528
2026-06-03 15:28:45,CLEARUSDT,0,NONE,G1|G2,G4,2.5761,BEARISH,-41.79,0,0.0004669,72125549.14031665,0,,,bloqueado G4,20260603_1528
2026-06-03 15:28:46,USELESSUSDT,0,NONE,G1|G2,G4,2.311,BULLISH,7.91,0,0.101681,405673.97922439,0,,,bloqueado G4,20260603_1528
2026-06-03 15:28:46,EDENUSDT,0,NONE,G1|G2,G4,2.1839,BULLISH,18.93,0,0.050246,264581.24912652,0,,,bloqueado G4,20260603_1528
2026-06-03 15:28:47,AGTUSDT,0,NONE,G1|G2,G4,2.773,BULLISH,17.19,0,0.014342,882175.0652748,0,,,bloqueado G4,20260603_1528
2026-06-03 15:28:47,BPUSDT,0,NONE,G1|G2,G4,4.7196,BULLISH,45.13,0,0.258202,334830.10468942,0,,,bloqueado G4,20260603_1528
2026-06-03 15:28:48,GPSUSDT,0,NONE,G1|G2,G4,2.8846,BEARISH,-13.82,0,0.00714,1324763.51313462,0,,,bloqueado G4,20260603_1528
2026-06-03 15:28:48,KREXUSDT,0,NONE,G1|G2,G4,2.269,BULLISH,12.98,0,3.6175E-06,2465467774.7736197,0,,,bloqueado G4,20260603_1528
2026-06-03 15:28:48,OPNUSDT,70,DISCOVERY,G1|G2|G3|G4|G5|G6|G8-VERY_LATE,,4.5519,BULLISH,112.65,0,0.251891,140149.44316116,13.58,0.5,2,"""DISCOVERY score=70 gates=G1,G2,G3,G4,G5,G6,G8-VERY_LATE""",20260603_1528
2026-06-03 16:08:38,OPNUSDT,0,NONE,G1|G2,G4,4.9993,BULLISH,105.34,0,0.256981,153924.31806427,0,,,bloqueado G4,20260603_1608
2026-06-03 16:08:39,EVRMOREUSDT,0,NONE,G1|G2,G4,2.5844,BULLISH,23.23,0,5.159E-05,251483685.35893917,0,,,bloqueado G4,20260603_1608
2026-06-03 16:08:39,NOICEUSDT,0,NONE,G1|G2,G4,2.9186,NEUTRAL,2.73,0,1.70397E-05,523856306.1250729,0,,,bloqueado G4,20260603_1608
2026-06-03 16:08:39,STOUSDT,0,NONE,G1|G2,G4,3.7779,BULLISH,49.1,0,0.082903,165458.58591486,0,,,bloqueado G4,20260603_1608
2026-06-03 16:08:40,DEEPUSDT,0,NONE,G1|G2,G4,2.1375,BEARISH,-10.78,0,0.02089,577123.09647883,0,,,bloqueado G4,20260603_1608
2026-06-03 16:08:40,NACHOUSDT,0,NONE,G1|G2,G4,2.0122,BULLISH,14.86,0,1.06497E-05,806473649.52785826,0,,,bloqueado G4,20260603_1608
2026-06-03 16:08:40,YBUSDT,0,NONE,G1|G2,G4,4.1867,BULLISH,14.17,0,0.110746,141716.39370533,0,,,bloqueado G4,20260603_1608
2026-06-03 16:08:41,CLEARUSDT,0,NONE,G1|G2,G4,2.5889,BEARISH,-39.4,0,0.00048605,72482673.022565871,0,,,bloqueado G4,20260603_1608
2026-06-03 16:08:41,USELESSUSDT,0,NONE,G1|G2,G4,2.3288,BULLISH,7.93,0,0.101695,408790.11360225,0,,,bloqueado G4,20260603_1608
2026-06-03 16:08:41,EDENUSDT,0,NONE,G1|G2,G4,2.2986,BULLISH,22.14,0,0.051605,278477.12122246,0,,,bloqueado G4,20260603_1608
2026-06-03 16:08:41,AGTUSDT,0,NONE,G1|G2,G4,2.8335,BULLISH,16.47,0,0.014254,901443.72086748,0,,,bloqueado G4,20260603_1608
2026-06-03 16:08:42,BPUSDT,0,NONE,G1|G2,G4,4.744,BULLISH,49.17,0,0.265384,336559.21740598,0,,,bloqueado G4,20260603_1608
2026-06-03 16:08:42,GPSUSDT,0,NONE,G1|G2,G4,3.0787,BEARISH,-17.85,0,0.006806,1413910.16348518,0,,,bloqueado G4,20260603_1608
2026-06-03 16:08:42,KREXUSDT,0,NONE,G1|G2,G4,2.3579,BULLISH,8.26,0,3.4663E-06,2562085127.0088563,0,,,bloqueado G4,20260603_1608
2026-06-03 16:09:48,EVRMOREUSDT,0,NONE,G1|G2,G4,2.6268,BULLISH,29.51,0,5.368E-05,255605675.83054295,0,,,bloqueado G4,20260603_1609
2026-06-03 16:09:48,NOICEUSDT,0,NONE,G1|G2,G4,2.9198,NEUTRAL,2.73,0,1.70397E-05,524086306.1250729,0,,,bloqueado G4,20260603_1609
2026-06-03 16:09:49,STOUSDT,0,NONE,G1|G2,G4,3.7961,BULLISH,55.12,0,0.08514,166256.47337161,0,,,bloqueado G4,20260603_1609
2026-06-03 16:09:49,DEEPUSDT,0,NONE,G1|G2,G4,2.1377,BEARISH,-10.89,0,0.020864,577181.09647883,0,,,bloqueado G4,20260603_1609
2026-06-03 16:09:49,NACHOUSDT,0,NONE,G1|G2,G4,2.0128,BULLISH,14.86,0,1.06497E-05,806707649.52785826,0,,,bloqueado G4,20260603_1609
2026-06-03 16:09:50,YBUSDT,0,NONE,G1|G2,G4,4.187,BULLISH,14.17,0,0.110741,141727.84527616,0,,,bloqueado G4,20260603_1609
2026-06-03 16:09:50,CLEARUSDT,0,NONE,G1|G2,G4,2.5892,BEARISH,-39.39,0,0.0004861,72490971.034783214,0,,,bloqueado G4,20260603_1609
2026-06-03 16:09:50,USELESSUSDT,0,NONE,G1|G2,G4,2.3295,BULLISH,7.93,0,0.101695,408914.25232613,0,,,bloqueado G4,20260603_1609
2026-06-03 16:09:51,EDENUSDT,0,NONE,G1|G2,G4,2.2988,BULLISH,22.15,0,0.051609,278499.74379409,0,,,bloqueado G4,20260603_1609
2026-06-03 16:09:51,AGTUSDT,0,NONE,G1|G2,G4,2.8339,BULLISH,16.41,0,0.014246,901552.50487289,0,,,bloqueado G4,20260603_1609
2026-06-03 16:09:51,BPUSDT,0,NONE,G1|G2,G4,4.7441,BULLISH,49.11,0,0.265286,336570.3621124,0,,,bloqueado G4,20260603_1609
2026-06-03 16:09:51,GPSUSDT,0,NONE,G1|G2,G4,3.0793,BEARISH,-17.86,0,0.006805,1414148.16348518,0,,,bloqueado G4,20260603_1609
2026-06-03 16:09:52,KREXUSDT,0,NONE,G1|G2,G4,2.3584,BULLISH,8.23,0,3.4654E-06,2562656950.1798859,0,,,bloqueado G4,20260603_1609
2026-06-03 16:09:52,OPNUSDT,60,DISCOVERY,G1|G2|G3|G4|G6|G8-VERY_LATE,,5.0228,BULLISH,112.65,0,0.256981,154647.51310677,13.58,0.5,2,"""DISCOVERY score=60 gates=G1,G2,G3,G4,G6,G8-VERY_LATE""",20260603_1609
